name,town,status,observation,source,contact,next_step,secondary,checked,outreach
"Chef Co Restaurant","Methuen, MA","Investigate","The restaurant’s takeout/delivery page directs customers to call. An Uber/Postmates listing also surfaced; this is a direct-pickup opportunity to discuss, not proof that they lack delivery platforms.","https://chefcorestaurantma.squarespace.com/takeoutdelivery","Public business phone: 978-687-4088. No business email verified.","Ask whether the owner wants direct online pickup. Check existing POS and order intake before offering a provider. A full menu may exceed the 30-item pilot.","https://postmates.com/store/chef-co-methuen/znTK8lnmXUSqRaNNk2soMA","2026-09-27","Not sent"
"Gourmet Bites Catering / Cafe","Salem, NH","Investigate","The contact page asks customers to call to order. The policies page provides an email for catering help. A small cafe pickup menu may fit; custom catered events require a different workflow.","https://gourmetbitescatering.com/contact-us/","Public business email: gourmetbitescatering@yahoo.com. Phone: 603-952-2225.","Confirm the cafe is operating and wants online pickup. Offer only its standard cafe menu, not instant checkout for custom events.","https://gourmetbitescatering.com/guidelines-and-policies/","2026-09-27","Not sent"
"Butch’s Uptown","Haverhill, MA","Hold","Indexed official pages advertise dine-in/takeout and a phone number. The full site returned 403 to the research tool, so online ordering status remains unverified.","https://www.butchsuptown.com/","Indexed public business phone: 978-891-5179. No email verified.","Inspect the customer ordering journey in a normal browser before making any claim. A crawler error is not a broken customer website.","https://www.butchsuptown.com/hours.html","2026-09-27","Not sent"
"Piro’s Bakery / Pizza Plus","Methuen, MA","Hold","Indexed official contact guidance directs order questions away from email. Direct page access returned 403; an Uber Eats listing exists. No missing ordering capability has been established.","https://pirosbakery.com/contact.html","Official contact page identified; no email or phone retained as verified.","Verify the current direct ordering flow and identify whether standard pizza pickup, rather than custom cakes, is a useful fit.","https://www.ubereats.com/store/piros-bakery/3_SnmzvWUN-VG-Ge9YRxIA","2026-09-27","Not sent"
"Kashmir Indian Cuisine","Salem, NH","Hold","The official homepage advertises online ordering, takeout and delivery. The extracted page did not expose the checkout destination.","https://www.kashmirindianfood.com/","Public business phone: 603-898-3455.","Check the actual ordering destination. Do not pitch missing online ordering based on extraction limits.","","2026-09-27","Not sent"
"Thai Chili","Salem, NH","Hold","The page links to Toast but also displays generic-looking contact data: 123 Main Street and a 555 telephone number. Ownership and current contact details need reconciliation.","https://www.thaichilinh.com/","Do not use the displayed placeholder phone or hello@myrestaurant.com.","Verify the business-owned domain and real public contact through an independent source. A website cleanup opportunity may exist, outside this pickup pilot.","","2026-09-27","Not sent"
"Lucky Corner","Haverhill, MA","Exclude","The menu provides a See MENU & Order control and references an Oracle/GloriaFood ordering service. The call instruction applies to market-price or seasonal items.","https://www.luckycornerhaverhill.com/menu","Not needed for this campaign.","Exclude from the missing-ordering pitch. Do not misread an exception for seasonal items as phone-only ordering.","","2026-09-27","Not sent"
"Suppa’s Pizza","Salem, NH","Exclude","The current domain has an online order route with item-level ordering pages. Older indexed pages also listed online ordering.","https://suppaspizzasalem.com/order/suppas-pizza-salem/item-steak-tip-sub_b9bd87dc-add9-4a35-a468-105b4025bdf2","Not needed for this campaign.","Exclude from the missing-ordering pitch.","https://suppaspizzasalem.com/","2026-09-27","Not sent"
"Maddies","Salem, NH","Exclude","The homepage links directly to Toast ordering and separately offers catering.","https://maddiesnh.com/","Not needed for this campaign.","Exclude; the primary capability already appears on its site.","","2026-09-27","Not sent"
"Nelly’s Kitchen","Haverhill, MA","Exclude","The homepage repeatedly links to its dedicated online ordering site for takeout.","https://nellyskitchenma.com/","Not needed for this campaign.","Exclude from the missing-ordering pitch.","https://nellyskitchentogo.com/","2026-09-27","Not sent"
"Geo’s Roast Beef & Pizzeria","Amesbury, MA","Exclude","The official site offers both phone ordering and an Order Online link to geosroastbeeftogo.com.","https://www.geos-amesbury.com/","Not needed for this campaign.","Exclude; offering phone ordering does not mean online ordering is absent.","https://geosroastbeeftogo.com/","2026-09-27","Not sent"
"Yang Ming Restaurant","Salem, NH","Exclude","The official site links to an ordering subdomain and specifically offers pickup.","https://www.yangmingsalem.com/","Not needed for this campaign.","Exclude from the missing-ordering pitch.","https://order.yangmingsalem.com/","2026-09-27","Not sent"
"Lucky Dragon","Salem, NH","Exclude","The official site repeatedly links to MenuStone for its menu and ordering.","https://luckydragonsalemnh.com/","Not needed for this campaign.","Exclude from the missing-ordering pitch.","","2026-09-27","Not sent"
"Oriental Garden","Haverhill, MA","Exclude","The homepage links to SpotOn online ordering and includes catering and event inquiries.","https://oghaverhill.com/","Not needed for this campaign.","Exclude from the missing-ordering pitch.","","2026-09-27","Not sent"
"Oyummy Asian Bistro","Haverhill, MA","Exclude","The official homepage links its Order Online and View Menu controls to Grabull.","https://www.oyummyasianhaverhill.com/","Not needed for this campaign.","Exclude; the About page alone was insufficient to evaluate ordering.","","2026-09-27","Not sent"
"Sevmar Mediterranean Bistro","Salem, NH","Exclude","The homepage links to Toast ordering, reservations and gift cards, with instructions for online takeout.","https://sevmarbistronh.com/","Not needed for this campaign.","Exclude from the missing-ordering pitch.","","2026-09-27","Not sent"
"Phoenician Restaurant","Haverhill, MA","Exclude","The site provides takeout/delivery through an ordering subdomain and separate Toast reservations and gift cards.","https://phoenicianrestaurant.com/contact-us/","Not needed for this campaign.","Exclude; its contact form explicitly is not an ordering channel.","https://order.phoenicianrestaurant.com/","2026-09-27","Not sent"
"Mac Daddies and a Little More","Haverhill, MA","Exclude","The official homepage includes online ordering, individual menu items and account access.","https://macdaddies23.com/","Not needed for this campaign.","Exclude from the missing-ordering pitch.","","2026-09-27","Not sent"
"Roma Ristorante","Haverhill, MA","Exclude","The official site provides SpotOn ordering alongside DoorDash, Grubhub and Uber Eats links.","https://www.theromarestaurant.com/","Not needed for this campaign.","Exclude; multiple ordering and delivery channels are already linked.","","2026-09-27","Not sent"
"Haverhill Beef Co.","Haverhill, MA","Exclude","An online ordering page and product menu exist. The fetched view says it is not accepting orders, which could reflect hours or availability; the business is also outside the restaurant-first pilot.","https://www.haverhillbeef.com/online-ordering","Not needed for this campaign.","Exclude from this campaign. Do not present a temporary unavailable state as a missing system.","","2026-09-27","Not sent"
